Year,Score,Economy,Family,Health,Freedom,Generosity,Trust
2015,3.575,0.31982,0.30285,0.30335,0.23414,0.3651,0.09719
2016,3.36,0.38227,0.11037,0.17344,0.1643,0.31268,0.07112
2017,3.79399991035461,0.401477217674255,0.581543326377869,0.180746778845787,0.106179520487785,0.311870932579041,0.0611578300595284
2018,3.632,0.332,0.537,0.255,0.085,0.191,0.036
2019,3.203,0.35,0.517,0.361,0.0,0.158,0.025
2020,2.566900015,0.7462860584000001,0.470366955,0.5259000015,0.396573007,-0.0964294,0.933686554
2021,2.523,0.7695000000000001,0.463,0.52493,0.382,-0.102,0.924
