Year,Score,Economy,Family,Health,Freedom,Generosity,Trust
2015,5.605,0.93929,1.07772,0.61766,0.28579,0.07822,0.17383
2016,6.355,1.05266,0.83309,0.61804,0.21006,0.07044,0.16157
2017,5.87200021743774,1.09186446666718,1.1462174654007,0.617584645748138,0.233335807919502,0.0694366469979286,0.146096110343933
2018,5.295,0.979,1.154,0.687,0.077,0.055,0.135
2019,5.211,1.002,1.16,0.785,0.086,0.073,0.114
2020,5.005099773,0.9537964820999999,0.803385139,0.6590517426,0.466610909,-0.121105164,0.735485137
2021,4.887,0.9342,0.802,0.6600499999999999,0.48,-0.067,0.752
