Year,Score,Economy,Family,Health,Freedom,Generosity,Trust
2015,6.574,1.05351,1.24823,0.78723,0.44974,0.11451,0.08484
2016,6.65,1.15137,1.06612,0.69711,0.42284,0.10989,0.07296
2017,6.59899997711182,1.18529546260834,1.44045114517212,0.695137083530426,0.494519203901291,0.109457060694695,0.059739887714386
2018,6.388,1.073,1.468,0.744,0.57,0.062,0.054
2019,6.086,1.092,1.432,0.881,0.471,0.066,0.05
2020,5.974699974,0.9810955048000001,0.900567949,0.6880380249,0.831132412,-0.194913864,0.842009842
2021,5.929,0.9962,0.898,0.69,0.828,-0.182,0.834
