Year,Score,Economy,Family,Health,Freedom,Generosity,Trust
2015,7.284,1.33358,1.30923,0.93156,0.65124,0.43562,0.35637
2016,7.313,1.44443,1.10476,0.8512,0.56837,0.47407,0.32331
2017,7.28399991989136,1.484414935112,1.51004195213318,0.84388679265976,0.601607382297516,0.477699249982834,0.301183730363846
2018,7.272,1.34,1.573,0.91,0.647,0.361,0.302
2019,7.228,1.372,1.548,1.036,0.557,0.332,0.29
2020,7.222799778,1.072059631,0.944854617,0.7360453796,0.915431738,0.19046016,0.41516912
2021,7.183,1.0796,0.94,0.7390000000000001,0.914,0.159,0.442
