Year,Score,Economy,Family,Health,Freedom,Generosity,Trust
2015,5.212,1.02389,0.93793,0.64045,0.3703,0.07799,0.16065
2016,5.291,1.12373,0.76042,0.54504,0.35327,0.0564,0.17914
2017,5.23400020599365,1.15360176563263,1.15240025520325,0.540775775909424,0.398155838251114,0.0452693402767181,0.180987507104874
2018,5.201,1.024,1.161,0.603,0.43,0.031,0.176
2019,5.208,1.043,1.147,0.769,0.351,0.035,0.182
2020,5.164800167,0.9687726974,0.819308281,0.6550839996000001,0.786824107,-0.240255281,0.55253756
2021,5.171,0.9569000000000001,0.836,0.65656,0.814,-0.223,0.506
