Year,Score,Economy,Family,Health,Freedom,Generosity,Trust
2015,5.813,1.03192,1.23289,0.73608,0.37938,0.11046,0.1909
2016,5.802,1.13062,1.04993,0.63104,0.29091,0.13942,0.17457
2017,5.56899976730347,1.15655755996704,1.44494521617889,0.637714266777039,0.295400261878967,0.15513750910759,0.156313821673393
2018,5.483,1.039,1.498,0.7,0.307,0.101,0.154
2019,5.323,1.067,1.465,0.789,0.235,0.094,0.142
2020,5.539899826,0.9779945374000001,0.90674746,0.6610433197000001,0.639163077,-0.164926544,0.63571167
2021,5.534,0.9853,0.91,0.66253,0.65,-0.18,0.627
