Year,Score,Economy,Family,Health,Freedom,Generosity,Trust
2015,3.34,0.28665,0.35386,0.3191,0.4845,0.1826,0.0801
2016,3.484,0.39499,0.10419,0.21028,0.39747,0.2018,0.06681
2017,3.65700006484985,0.431085407733917,0.435299843549728,0.209930211305618,0.425962775945663,0.207948461174965,0.0609290152788162
2018,4.141,0.378,0.372,0.24,0.44,0.163,0.067
2019,4.883,0.393,0.437,0.397,0.349,0.175,0.082
2020,5.21600008,0.7674319744,0.468671143,0.5431246567,0.735182583,-0.003537213,0.740532577
2021,5.045,0.8087,0.489,0.54713,0.757,-0.034,0.661
