Year,Score,Economy,Family,Health,Freedom,Generosity,Trust
2015,5.89,0.68133,0.97841,0.5392,0.57414,0.20536,0.088
2016,5.822,0.79422,0.83779,0.4697,0.50961,0.21698,0.07746
2017,5.82299995422363,0.833756566047668,1.22761905193329,0.473630249500275,0.558732926845551,0.22556072473526,0.0604777261614799
2018,5.752,0.751,1.223,0.508,0.606,0.141,0.054
2019,5.779,0.776,1.209,0.706,0.511,0.137,0.064
2020,5.747499943,0.8851115226999999,0.803108692,0.636004715,0.875873327,-0.09168113,0.822606206
2021,5.716,0.9046,0.81,0.6390100000000001,0.875,-0.077,0.839
