Year,Score,Economy,Family,Health,Freedom,Generosity,Trust
2015,4.949,0.83223,0.91916,0.79081,0.09245,0.24808,0.00227
2016,5.163,0.93383,0.64367,0.70766,0.09511,0.29889,0.0
2017,5.18200016021729,0.982409417629242,1.0693359375,0.705186307430267,0.204403176903725,0.328867495059967,0.0
2018,5.129,0.915,1.078,0.758,0.28,0.216,0.0
2019,5.386,0.945,1.212,0.845,0.212,0.263,0.006
2020,5.674099922,0.9455817223,0.829204142,0.6780813599,0.651352704,0.098274559,0.933769107
2021,5.813,0.959,0.87,0.68098,0.706,0.113,0.931
