Year,Score,Economy,Family,Health,Freedom,Generosity,Trust
2015,4.332,0.99355,1.10464,0.04776,0.49495,0.10461,0.12474
2016,3.974,1.09426,0.89186,0.34752,0.44089,0.12425,0.10769
2017,3.76600003242493,1.12209415435791,1.22155499458313,0.341755509376526,0.505196332931519,0.0993484482169151,0.0985831990838051
2018,3.59,1.017,1.174,0.417,0.557,0.042,0.092
2019,3.488,1.041,1.145,0.538,0.455,0.025,0.1
2020,3.478899956,0.9711203575,0.779121757,0.5892445373999999,0.821328104,-0.250394493,0.777930915
2021,3.467,0.9782,0.784,0.5926899999999999,0.824,-0.246,0.801
