Year,Score,Economy,Family,Health,Freedom,Generosity,Trust
2015,4.218,1.01216,1.10614,0.76649,0.30587,0.11921,0.00872
2016,4.217,1.11306,0.92542,0.67806,0.21219,0.12793,0.00615
2017,4.71400022506714,1.1614590883255,1.43437945842743,0.708217680454254,0.289231717586517,0.113177694380283,0.0110515309497714
2018,4.933,1.054,1.515,0.712,0.359,0.064,0.009
2019,5.011,1.092,1.513,0.815,0.311,0.081,0.004
2020,5.101500034,0.9869318962,0.937840343,0.6680397797000001,0.745178163,-0.143908441,0.935585141
2021,5.266,1.0016,0.931,0.67,0.788,-0.096,0.932
