Year,Score,Economy,Family,Health,Freedom,Generosity,Trust
2015,3.587,0.25812,0.85188,0.27125,0.39493,0.21747,0.12832
2016,3.739,0.31995,0.63054,0.21297,0.3337,0.24353,0.12533
2017,4.03200006484985,0.3502277135849,1.04328000545502,0.215844258666039,0.324367851018906,0.250864684581757,0.120328105986118
2018,4.424,0.314,1.097,0.254,0.312,0.175,0.128
2019,4.587,0.331,1.056,0.38,0.255,0.177,0.113
2020,4.768700123,0.746854496,0.712943614,0.5388945388999999,0.665563583,-0.019080516,0.739795029
2021,4.834,0.7678,0.672,0.54151,0.695,-0.009,0.748
