Year,Score,Economy,Family,Health,Freedom,Generosity,Trust
2015,7.427,1.32629,1.32261,0.90563,0.63297,0.45811,0.32957
2016,7.404,1.44015,1.0961,0.8276,0.5737,0.44834,0.31329
2017,7.31599998474121,1.47920441627502,1.48134899139404,0.83455765247345,0.611100912094116,0.435539722442627,0.287371516227722
2018,7.328,1.33,1.532,0.896,0.653,0.321,0.291
2019,7.278,1.365,1.505,1.039,0.584,0.285,0.308
2020,7.23210001,1.0692368509999999,0.927176654,0.7360160065,0.933913231,0.124770768,0.390843362
2021,7.103,1.0776,0.926,0.738,0.915,0.089,0.415
