Year,Score,Economy,Family,Health,Freedom,Generosity,Trust
2015,3.667,0.34193,0.76062,0.1501,0.23501,0.18386,0.05269
2016,3.763,0.42214,0.63178,0.03824,0.12807,0.18667,0.04952
2017,3.93600010871887,0.438012987375259,0.953855872154236,0.0411347150802612,0.16234202682972,0.216113850474358,0.0535818822681904
2018,4.301,0.358,0.907,0.053,0.189,0.181,0.06
2019,4.35,0.35,0.766,0.192,0.174,0.198,0.078
2020,4.422699928,0.7467963696,0.632388055,0.48220539090000003,0.587305248,0.017834719,0.802760839
2021,4.355,0.7363999999999999,0.619,0.48478,0.579,0.041,0.807
