Year,Score,Economy,Family,Health,Freedom,Generosity,Trust
2015,6.477,0.91861,1.24018,0.69077,0.53466,0.18401,0.0512
2016,6.481,1.03032,1.02169,0.59659,0.44735,0.15626,0.05399
2017,6.35699987411499,1.07062232494354,1.4021829366684,0.595027923583984,0.477487415075302,0.149014472961426,0.0466687418520451
2018,6.26,0.96,1.439,0.635,0.531,0.099,0.039
2019,6.125,0.985,1.41,0.841,0.47,0.099,0.034
2020,6.163400173,0.9500369072,0.884440243,0.6769958495999999,0.836179912,-0.161235645,0.86457181
2021,6.012,0.9557,0.847,0.68001,0.837,-0.135,0.841
