Year,Score,Economy,Family,Health,Freedom,Generosity,Trust
2015,3.989,0.67866,0.6629,0.31051,0.41466,0.12388,0.11686
2016,4.236,0.77109,0.47799,0.28212,0.37938,0.12077,0.09753
2017,4.29099988937378,0.808964252471924,0.832044363021851,0.28995743393898,0.435025870800018,0.120852127671242,0.0796181336045265
2018,4.559,0.682,0.811,0.343,0.514,0.091,0.077
2019,4.812,0.673,0.799,0.508,0.372,0.105,0.093
2020,5.194399834,0.8536987305,0.640228093,0.5792448044,0.719058514,-0.123674095,0.751779079
2021,5.342,0.8117000000000001,0.636,0.58221,0.695,-0.068,0.745
