Year,Score,Economy,Family,Health,Freedom,Generosity,Trust
2015,6.505,1.17898,1.20643,0.84483,0.46364,0.10686,0.02652
2016,6.596,1.30915,1.00793,0.76376,0.41418,0.09929,0.03986
2017,6.60900020599365,1.35268235206604,1.43388521671295,0.754444003105164,0.490946173667908,0.0881067588925362,0.0368729270994663
2018,6.711,1.233,1.489,0.854,0.543,0.064,0.034
2019,6.852,1.269,1.487,0.92,0.457,0.046,0.036
2020,6.910900116,1.040416336,0.914430678,0.7004793549,0.818537354,-0.230861515,0.85844624
2021,6.965,1.0555999999999999,0.947,0.70807,0.858,-0.208,0.868
