Year,Score,Economy,Family,Health,Freedom,Generosity,Trust
2015,7.527,1.32548,1.36058,0.87464,0.64938,0.34139,0.48357
2016,7.526,1.44178,1.16374,0.79504,0.57941,0.36171,0.44453
2017,7.52199983596802,1.48238301277161,1.55112159252167,0.792565524578094,0.626006722450256,0.355280488729477,0.40077006816864
2018,7.555,1.351,1.59,0.868,0.683,0.284,0.408
2019,7.6,1.383,1.573,0.996,0.592,0.252,0.41
2020,7.645599842,1.0774001119999999,0.955990791,0.7240250397,0.951444268,0.066201776,0.168489456
2021,7.62,1.0933,0.954,0.727,0.946,0.03,0.179
