Year,Score,Economy,Family,Health,Freedom,Generosity,Trust
2015,5.975,0.86402,0.99903,0.79075,0.48574,0.11541,0.1809
2016,5.976,0.97306,0.85974,0.68613,0.4027,0.10074,0.18037
2017,6.00799989700317,1.00082039833069,1.28616881370544,0.685636222362518,0.4551981985569,0.150112465023994,0.140134647488594
2018,5.973,0.889,1.33,0.736,0.556,0.114,0.12
2019,6.028,0.912,1.312,0.868,0.498,0.126,0.087
2020,5.925199986,0.9246058464000001,0.836418986,0.6850003815,0.859828949,-0.127014965,0.801215112
2021,5.764,0.9313,0.821,0.688,0.842,-0.124,0.843
