Year,Score,Economy,Family,Health,Freedom,Generosity,Trust
2015,4.512,0.19073,0.60406,0.44055,0.4345,0.24325,0.15048
2016,4.508,0.29283,0.37932,0.34578,0.36703,0.29522,0.1717
2017,4.46000003814697,0.339233845472336,0.86466920375824,0.353409707546234,0.408842742443085,0.312650740146637,0.165455713868141
2018,4.35,0.308,0.95,0.391,0.452,0.22,0.146
2019,4.286,0.336,1.033,0.532,0.344,0.209,0.1
2020,4.186200142,0.7509385585999999,0.743307352,0.5863959122,0.740795195,0.043377332,0.753690004
2021,4.275,0.7694,0.764,0.59,0.752,0.082,0.761
