Year,Score,Economy,Family,Health,Freedom,Generosity,Trust
2015,7.406,1.29025,1.31826,0.88911,0.64169,0.23351,0.41372
2016,7.413,1.40598,1.13464,0.81091,0.57104,0.25492,0.41004
2017,7.4689998626709,1.44357192516327,1.5402467250824,0.80915766954422,0.617950856685638,0.24548277258873,0.38261154294014
2018,7.632,1.305,1.592,0.874,0.681,0.202,0.393
2019,7.769,1.34,1.587,0.986,0.596,0.153,0.393
2020,7.808700085,1.0639266969999999,0.954329729,0.719008255,0.949172199,-0.059482019,0.195444584
2021,7.842,1.0775000000000001,0.954,0.72,0.949,-0.098,0.186
