Year,Score,Economy,Family,Health,Freedom,Generosity,Trust
2015,6.575,1.27778,1.26038,0.94579,0.55011,0.12332,0.20646
2016,6.478,1.39488,1.00508,0.83795,0.46562,0.1216,0.17808
2017,6.44199991226196,1.43092346191406,1.38777685165405,0.844465851783752,0.470222115516663,0.129762306809425,0.172502428293228
2018,6.489,1.293,1.466,0.908,0.52,0.098,0.176
2019,6.592,1.324,1.472,1.045,0.436,0.111,0.183
2020,6.663799763,1.058422279,0.937103748,0.7380193329,0.825467646,-0.130641967,0.583521128
2021,6.69,1.0704,0.942,0.74,0.822,-0.147,0.571
