Year,Score,Economy,Family,Health,Freedom,Generosity,Trust
2015,4.297,0.7419,0.38562,0.72926,0.40577,0.05547,0.38331
2016,4.252,0.83792,0.19249,0.64035,0.32461,0.06786,0.3188
2017,4.28599977493286,0.950612664222717,0.57061493396759,0.649546980857849,0.309410035610199,0.0540088154375553,0.251666635274887
2018,4.34,0.853,0.592,0.643,0.375,0.038,0.215
2019,4.519,0.886,0.666,0.752,0.346,0.043,0.164
2020,4.672599792,0.9226100922,0.629033029,0.6449520874,0.801641524,-0.22892037,0.665944695
2021,4.891,0.9585000000000001,0.671,0.643,0.783,-0.238,0.655
