Year,Score,Economy,Family,Health,Freedom,Generosity,Trust
2015,6.75,1.32792,1.29937,0.89186,0.61477,0.28214,0.21843
2016,6.994,1.44787,1.09774,0.81487,0.53466,0.30452,0.28551
2017,6.95100021362305,1.48792338371277,1.47252035140991,0.798950731754303,0.562511384487152,0.336269170045853,0.276731938123703
2018,6.965,1.34,1.474,0.861,0.586,0.273,0.28
2019,6.985,1.373,1.454,0.987,0.495,0.261,0.265
2020,7.075799942,1.07328186,0.898874462,0.7220201874,0.867371082,0.080179386,0.456422031
2021,7.155,1.0873,0.903,0.725,0.875,0.011,0.46
