Year,Score,Economy,Family,Health,Freedom,Generosity,Trust
2015,4.857,1.15406,0.92933,0.88213,0.07699,0.0,0.01397
2016,5.033,1.24886,0.75473,0.80029,0.05822,0.0,0.04127
2017,5.22700023651123,1.28948748111725,1.23941457271576,0.810198903083801,0.0957312509417534,0.0,0.04328977689147
2018,5.358,1.154,1.202,0.879,0.131,0.0,0.044
2019,5.287,1.181,1.156,0.999,0.067,0.0,0.034
2020,5.514999866,1.013232613,0.814380348,0.7240525818000001,0.541345119,-0.300907373,0.859931409
2021,5.723,1.0279,0.823,0.726,0.582,-0.288,0.823
