Year,Score,Economy,Family,Health,Freedom,Generosity,Trust
2015,6.123,0.74553,1.04356,0.64425,0.57733,0.27489,0.09472
2016,6.324,0.83454,0.87119,0.54039,0.50379,0.28808,0.08701
2017,6.4539999961853,0.872001945972443,1.25558519363403,0.540239989757538,0.531310617923737,0.283488392829895,0.0772232785820961
2018,6.382,0.781,1.268,0.608,0.604,0.179,0.071
2019,6.436,0.8,1.269,0.746,0.535,0.175,0.078
2020,6.398900032,0.8924805641000001,0.816621482,0.6480894469999999,0.908147573,-0.042938665,0.783237457
2021,6.435,0.9053000000000001,0.813,0.6495799999999999,0.906,-0.038,0.775
