Year,Score,Economy,Family,Health,Freedom,Generosity,Trust
2015,3.656,0.17417,0.46475,0.24009,0.37725,0.28657,0.12139
2016,3.607,0.22415,0.3109,0.18829,0.30953,0.29914,0.1192
2017,3.50699996948242,0.244549930095673,0.791244685649872,0.194129139184952,0.348587512969971,0.264815092086792,0.110937617719173
2018,3.964,0.344,0.792,0.211,0.394,0.185,0.094
2019,4.534,0.38,0.829,0.375,0.332,0.207,0.086
2020,4.949299812,0.7750990391,0.637573481,0.5446780014,0.706846774,0.076328471,0.761794448
2021,4.984,0.7838,0.639,0.55008,0.697,0.095,0.766
