Year,Score,Economy,Family,Health,Freedom,Generosity,Trust
2015,4.8,1.12094,1.20215,0.75905,0.32112,0.128,0.02758
2016,5.145,1.24142,0.93164,0.67608,0.1977,0.099,0.04472
2017,5.32399988174438,1.2860119342804,1.34313309192657,0.687763452529907,0.175863519310951,0.0784016624093056,0.0366369374096394
2018,5.62,1.171,1.401,0.732,0.259,0.061,0.022
2019,5.758,1.201,1.41,0.828,0.199,0.081,0.02
2020,6.000400066,1.024924374,0.921934128,0.6760997009,0.718964577,-0.194323018,0.892916501
2021,5.992,1.0358,0.943,0.68,0.755,-0.186,0.876
