Year,Score,Economy,Family,Health,Freedom,Generosity,Trust
2015,7.561,1.30232,1.40223,0.94784,0.62877,0.4363,0.14145
2016,7.501,1.42666,1.18326,0.86733,0.56624,0.47678,0.14975
2017,7.50400018692017,1.480633020401,1.6105740070343,0.833552122116089,0.627162635326385,0.475540220737457,0.153526559472084
2018,7.495,1.343,1.644,0.914,0.677,0.353,0.138
2019,7.494,1.38,1.624,1.026,0.591,0.354,0.118
2020,7.504499912,1.077255917,0.974669576,0.73,0.948891878,0.246944219,0.711709738
2021,7.554,1.0878,0.983,0.73,0.955,0.16,0.673
