Year,Score,Economy,Family,Health,Freedom,Generosity,Trust
2015,4.686,1.0088,0.54447,0.69805,0.30033,0.38086,0.05863
2016,4.813,1.11758,0.38857,0.64232,0.22544,0.38538,0.0557
2017,4.69199991226196,1.15687310695648,0.711551249027252,0.639333188533783,0.249322608113289,0.387242913246155,0.048761073499918
2018,4.707,1.059,0.771,0.691,0.459,0.282,0.129
2019,4.548,1.1,0.842,0.785,0.305,0.27,0.125
2020,4.672399998,0.9813719749,0.694689691,0.6600614928999999,0.647873282,0.117891103,0.714635968
2021,4.721,0.9583999999999999,0.71,0.6629999999999999,0.608,0.218,0.714
