Year,Score,Economy,Family,Health,Freedom,Generosity,Trust
2015,6.94,1.33596,1.36948,0.89533,0.61777,0.45901,0.28703
2016,6.907,1.48341,1.16157,0.81455,0.54008,0.44963,0.29754
2017,6.97700023651123,1.53570663928986,1.55823111534119,0.80978262424469,0.573110342025757,0.42785832285881,0.29838815331459
2018,6.977,1.448,1.583,0.876,0.614,0.307,0.306
2019,7.021,1.499,1.553,0.999,0.516,0.298,0.31
2020,7.093699932,1.116097832,0.942081571,0.7230078888,0.886982977,0.145784974,0.357184172
2021,7.085,1.1342,0.947,0.7240000000000001,0.879,0.077,0.363
