Year,Score,Economy,Family,Health,Freedom,Generosity,Trust
2015,7.278,1.22857,1.22393,0.91387,0.41319,0.33172,0.07785
2016,7.267,1.33766,0.99537,0.84917,0.36432,0.32288,0.08728
2017,7.21299982070923,1.37538242340088,1.37628996372223,0.83840399980545,0.405988603830338,0.330082654953003,0.0852421000599861
2018,6.814,1.301,1.559,0.883,0.533,0.354,0.272
2019,7.139,1.276,1.455,1.029,0.371,0.261,0.082
2020,7.128600121,1.041752529,0.913571239,0.7320025635,0.747580588,0.10259372,0.78085506
2021,7.157,1.0574999999999999,0.939,0.73503,0.8,0.031,0.753
