Year,Score,Economy,Family,Health,Freedom,Generosity,Trust
2015,5.948,1.25114,1.19777,0.95446,0.26236,0.22823,0.02901
2016,5.977,1.35495,1.04167,0.85102,0.18827,0.16684,0.02556
2017,5.96400022506714,1.39506661891937,1.44492328166962,0.853144347667694,0.256450712680817,0.17278964817524,0.0280280914157629
2018,6.0,1.264,1.501,0.946,0.281,0.137,0.028
2019,6.223,1.294,1.488,1.039,0.231,0.158,0.03
2020,6.38740015,1.048183632,0.889878571,0.7360168457,0.66465199,-0.043460999,0.873404682
2021,6.483,1.0623,0.88,0.738,0.693,-0.084,0.866
