Year,Score,Economy,Family,Health,Freedom,Generosity,Trust
2015,3.655,0.46534,0.77115,0.15185,0.46866,0.20165,0.17922
2016,3.916,0.55507,0.57576,0.04476,0.40663,0.20338,0.1553
2017,4.17999982833862,0.603048920631409,0.904780030250549,0.0486421696841717,0.447706192731857,0.201237469911575,0.130061775445938
2018,4.671,0.541,0.872,0.08,0.467,0.146,0.103
2019,4.944,0.569,0.808,0.232,0.352,0.154,0.09
2020,5.233300209,0.8225561142,0.658048689,0.4950377274,0.727909327,-0.043991156,0.790771961
2021,5.306,0.8551,0.644,0.5011399999999999,0.741,-0.016,0.794
