Year,Score,Economy,Family,Health,Freedom,Generosity,Trust
2015,5.987,1.27074,1.25712,0.99111,0.49615,0.10705,0.1806
2016,5.921,1.38007,1.06054,0.91491,0.46761,0.10224,0.18985
2017,5.92000007629395,1.41691517829895,1.43633782863617,0.913475871086121,0.505625545978546,0.12057276815176,0.163760736584663
2018,5.915,1.294,1.462,0.988,0.553,0.079,0.15
2019,5.886,1.327,1.419,1.088,0.445,0.069,0.14
2020,5.870800018,1.0579689030000001,0.883545935,0.7500096893,0.809961379,-0.246910349,0.654558063
2021,5.94,1.0611000000000002,0.884,0.7509999999999999,0.796,-0.258,0.638
