Year,Score,Economy,Family,Health,Freedom,Generosity,Trust
2015,5.192,0.90198,1.05392,0.69639,0.40661,0.11053,0.14293
2016,5.303,0.99673,0.86216,0.60712,0.36023,0.14262,0.13297
2017,5.33599996566772,0.991012394428253,1.23908889293671,0.604590058326721,0.418421149253845,0.172170460224152,0.11980327218771
2018,5.161,0.822,1.265,0.645,0.468,0.13,0.134
2019,4.906,0.837,1.225,0.815,0.383,0.11,0.13
2020,4.633399963,0.9025999068999999,0.80216372,0.6679975128,0.75104779,-0.162565202,0.700344324
2021,4.395,0.9182,0.767,0.67,0.755,-0.167,0.705
