Year,Score,Economy,Family,Health,Freedom,Generosity,Trust
2015,4.419,0.36471,0.99876,0.41435,0.42215,0.37542,0.05839
2016,4.356,0.52267,0.7624,0.30147,0.40576,0.41328,0.06686
2017,4.55299997329712,0.560479462146759,1.06795072555542,0.309988349676132,0.452763766050339,0.444860309362411,0.0646413192152977
2018,4.41,0.493,1.048,0.454,0.504,0.352,0.055
2019,4.509,0.512,0.983,0.581,0.431,0.372,0.053
2020,4.583000183,0.802977562,0.702652037,0.6009693146,0.829747558,0.294681519,0.831499159
2021,4.607,0.8361000000000001,0.688,0.60704,0.779,0.287,0.825
