Year,Score,Economy,Family,Health,Freedom,Generosity,Trust
2015,5.589,0.80148,0.81198,0.63132,0.24749,0.2831,0.04741
2016,5.401,0.90145,0.66062,0.54,0.14396,0.27992,0.06547
2017,5.27899980545044,0.951484382152557,1.13785350322723,0.541452050209045,0.260287940502167,0.319931447505951,0.0574716180562973
2018,5.662,0.855,1.23,0.578,0.448,0.274,0.023
2019,6.1,0.882,1.232,0.758,0.489,0.262,0.006
2020,6.325200081,0.9204429625999999,0.820726514,0.6388555526999999,0.861535907,0.190933764,0.922328293
2021,6.372,0.9318,0.821,0.63813,0.869,0.257,0.917
