Year,Score,Economy,Family,Health,Freedom,Generosity,Trust
2015,6.295,1.55422,1.16594,0.72492,0.55499,0.16228,0.25609
2016,6.239,1.61714,0.87758,0.63569,0.43166,0.15965,0.23669
2017,6.10500001907349,1.63295245170593,1.25969874858856,0.632105708122253,0.496337592601776,0.228289797902107,0.215159550309181
2018,6.083,1.474,1.301,0.675,0.554,0.167,0.106
2019,6.021,1.5,1.319,0.808,0.493,0.142,0.097
2020,6.102099895,1.108982468,0.846475244,0.6676764679,0.872366488,-0.100184701,0.760849059
2021,6.106,1.0817,0.843,0.669,0.867,-0.104,0.736
