Year,Score,Economy,Family,Health,Freedom,Generosity,Trust
2015,5.286,0.47428,1.15115,0.65088,0.43477,0.3003,0.04232
2016,5.185,0.56044,0.95434,0.55449,0.40212,0.38432,0.04762
2017,5.00400018692017,0.596220076084137,1.39423859119415,0.553457796573639,0.454943388700485,0.42858037352562,0.0394391790032387
2018,5.131,0.53,1.416,0.594,0.54,0.281,0.035
2019,5.261,0.551,1.438,0.723,0.508,0.3,0.023
2020,5.541500092,0.8148405074999999,0.887228489,0.6410601044,0.909374893,0.154772058,0.888396084
2021,5.744,0.8538,0.893,0.64401,0.935,0.119,0.908
