Year,Score,Economy,Family,Health,Freedom,Generosity,Trust
2015,5.098,1.11312,1.09562,0.72437,0.29671,0.18226,0.06332
2016,5.56,1.21788,0.95025,0.63952,0.27996,0.17445,0.0889
2017,5.84999990463257,1.26074862480164,1.40471494197845,0.638566970825195,0.325707912445068,0.153074786067009,0.0738427266478539
2018,5.933,1.148,1.454,0.671,0.363,0.092,0.066
2019,5.94,1.187,1.465,0.812,0.264,0.075,0.064
2020,5.949999809,1.017531967,0.918288589,0.668074646,0.671237648,-0.186888844,0.795580089
2021,6.032,1.0314999999999999,0.927,0.6709999999999999,0.715,-0.162,0.8
