Year,Score,Economy,Family,Health,Freedom,Generosity,Trust
2015,3.995,0.26074,1.03526,0.20583,0.38857,0.18798,0.12352
2016,4.073,0.31292,0.86333,0.16347,0.27544,0.21064,0.13647
2017,4.19000005722046,0.476180493831635,1.28147339820862,0.169365674257278,0.306613743305206,0.183354198932648,0.104970246553421
2018,4.447,0.37,1.233,0.152,0.367,0.139,0.056
2019,4.39,0.385,1.105,0.308,0.327,0.153,0.052
2020,4.729300022,0.7629852295,0.731468976,0.5172698212,0.71156615,-0.044366926,0.839328408
2021,4.723,0.7744,0.724,0.51969,0.697,-0.036,0.827
