Year,Score,Economy,Family,Health,Freedom,Generosity,Trust
2015,6.302,1.2074,1.30203,0.88721,0.60365,0.51752,0.13586
2016,6.488,1.30782,1.09879,0.80315,0.54994,0.56237,0.17554
2017,6.52699995040894,1.34327983856201,1.48841166496277,0.821944236755371,0.588767051696777,0.574730575084686,0.153066068887711
2018,6.627,1.27,1.525,0.884,0.645,0.376,0.142
2019,6.726,1.3,1.52,0.999,0.564,0.375,0.151
2020,6.772799969,1.053383827,0.93037951,0.7219999695,0.924911439,0.214965805,0.658547282
2021,6.602,1.0674,0.931,0.722,0.927,0.133,0.653
