Year,Score,Economy,Family,Health,Freedom,Generosity,Trust
2015,5.477,1.00761,0.98521,0.7095,0.56066,0.37744,0.07521
2016,5.648,1.14372,0.75695,0.66189,0.46145,0.36951,0.05203
2017,5.62900018692017,1.18939554691315,1.20956099033356,0.638007462024689,0.491247326135635,0.360933750867844,0.0421815551817417
2018,5.891,1.09,1.387,0.684,0.584,0.245,0.05
2019,5.888,1.12,1.402,0.798,0.498,0.215,0.06
2020,6.101299763,0.9956786155999999,0.910357833,0.6640434265,0.889534533,-0.018318573,0.805343091
2021,6.049,1.0008,0.905,0.6670099999999999,0.867,-0.054,0.789
