Year,Score,Economy,Family,Health,Freedom,Generosity,Trust
2015,5.013,0.73479,0.64095,0.60954,0.41691,0.07172,0.08546
2016,5.151,0.84058,0.38595,0.59471,0.25646,0.04053,0.08404
2017,5.2350001335144,0.878114581108093,0.774864435195923,0.59771066904068,0.408158332109451,0.0322099551558495,0.0877631828188896
2018,5.254,0.779,0.797,0.669,0.46,0.026,0.074
2019,5.208,0.801,0.782,0.782,0.418,0.036,0.076
2020,5.094799995,0.8940313338999999,0.592628479,0.6589624023,0.772072434,-0.240377247,0.815724611
2021,4.918,0.8903000000000001,0.56,0.66208,0.774,-0.236,0.801
