Year,Score,Economy,Family,Health,Freedom,Generosity,Trust
2015,4.307,0.27108,0.70905,0.48246,0.44017,0.79588,0.19034
2016,4.395,0.34112,0.69981,0.3988,0.42692,0.81971,0.20243
2017,4.54500007629395,0.367110550403595,1.12323594093323,0.397522568702698,0.514492034912109,0.838075160980225,0.188816204667091
2018,4.308,0.682,1.174,0.429,0.58,0.598,0.178
2019,4.36,0.71,1.181,0.555,0.525,0.566,0.172
2020,4.308000088,0.8680481911,0.78440702,0.5896171188,0.895075202,0.560663998,0.645124316
2021,4.426,0.8541000000000001,0.779,0.59302,0.876,0.509,0.66
