Year,Score,Economy,Family,Health,Freedom,Generosity,Trust
2015,7.378,1.32944,1.28017,0.89284,0.61576,0.4761,0.31814
2016,7.339,1.46468,1.02912,0.81231,0.55211,0.47416,0.29927
2017,7.3769998550415,1.50394463539124,1.42893922328949,0.810696125030518,0.585384488105774,0.470489829778671,0.282661825418472
2018,7.441,1.361,1.488,0.878,0.638,0.333,0.295
2019,7.488,1.396,1.522,0.999,0.557,0.322,0.298
2020,7.448900223,1.081271172,0.93913883,0.7230091858000001,0.908547819,0.20761244,0.364717126
2021,7.464,1.0932,0.942,0.7240000000000001,0.913,0.175,0.338
