Year,Score,Economy,Family,Health,Freedom,Generosity,Trust
2015,3.845,0.0694,0.77265,0.29707,0.47692,0.19387,0.15639
2016,3.856,0.1327,0.6053,0.26162,0.38041,0.2097,0.17176
2017,4.02799987792969,0.161925330758095,0.993025004863739,0.26850500702858,0.36365869641304,0.228673845529556,0.138572946190834
2018,4.166,0.131,0.867,0.221,0.39,0.175,0.099
2019,4.628,0.138,0.774,0.366,0.318,0.188,0.102
2020,4.909599781,0.6842166901,0.617435038,0.5350009537,0.759772122,0.013860817,0.722530186
2021,5.074,0.7098,0.641,0.5378000000000001,0.806,0.018,0.693
