Year,Score,Economy,Family,Health,Freedom,Generosity,Trust
2015,5.878,0.75985,1.30477,0.66098,0.53899,0.3424,0.08242
2016,5.538,0.89373,1.11111,0.58295,0.46235,0.25296,0.07396
2017,5.49300003051758,0.932537317276001,1.50728487968445,0.579250693321228,0.473507791757584,0.224150657653809,0.091065913438797
2018,5.681,0.835,1.522,0.615,0.541,0.162,0.074
2019,5.743,0.855,1.475,0.777,0.514,0.184,0.08
2020,5.692100048,0.9389982224000001,0.898727894,0.6563993834999999,0.885923445,0.007997713,0.834788501
2021,5.653,0.9448000000000001,0.893,0.659,0.876,0.028,0.882
