Year,Score,Economy,Family,Health,Freedom,Generosity,Trust
2015,5.824,0.90019,0.97459,0.73017,0.41496,0.14982,0.05989
2016,5.743,0.99602,0.81255,0.62994,0.37502,0.14527,0.05292
2017,5.71500015258789,1.03522527217865,1.21877038478851,0.630166113376617,0.450002878904343,0.126819714903831,0.0470490865409374
2018,5.663,0.934,1.249,0.674,0.53,0.092,0.034
2019,5.697,0.96,1.274,0.854,0.455,0.083,0.027
2020,5.796800137,0.9456313133,0.831075251,0.6810023499000001,0.824766099,-0.16238822,0.893714964
2021,5.84,0.9458,0.832,0.6825,0.822,-0.154,0.891
