Year,Score,Economy,Family,Health,Freedom,Generosity,Trust
2015,5.791,1.12555,1.27948,0.77903,0.53122,0.16759,0.04212
2016,5.835,1.24585,1.04685,0.69058,0.4519,0.14443,0.055
2017,5.97300004959106,1.29178786277771,1.44571197032928,0.699475347995758,0.520342111587524,0.158465966582298,0.0593078061938286
2018,6.123,1.176,1.448,0.781,0.546,0.108,0.064
2019,6.182,1.206,1.438,0.884,0.483,0.117,0.05
2020,6.186299801,1.026512432,0.874257445,0.6931113433999999,0.862055779,-0.205084071,0.686927021
2021,6.166,1.0382,0.898,0.69702,0.841,-0.165,0.735
