Year,Score,Economy,Family,Health,Freedom,Generosity,Trust
2015,5.716,1.13764,1.23617,0.66926,0.36679,0.00199,0.03005
2016,5.856,1.23228,1.05261,0.58991,0.32682,0.02736,0.03586
2017,5.96299982070923,1.28177809715271,1.46928238868713,0.547349333763123,0.373783111572266,0.0522638224065304,0.0329628810286522
2018,5.81,1.151,1.479,0.599,0.399,0.065,0.025
2019,5.648,1.183,1.452,0.726,0.334,0.082,0.031
2020,5.546000004,1.012887192,0.903150737,0.6410045624,0.729892612,-0.151153743,0.864802599
2021,5.477,1.0189,0.903,0.64703,0.718,-0.111,0.845
