Year,Score,Economy,Family,Health,Freedom,Generosity,Trust
2015,6.411,1.39541,1.08393,0.72025,0.31048,0.13706,0.32524
2016,6.379,1.48953,0.84829,0.59267,0.37904,0.15457,0.30008
2017,6.3439998626709,1.53062355518341,1.28667759895325,0.590148329734802,0.449750572443008,0.147616013884544,0.27343225479126
2018,6.371,1.379,1.331,0.633,0.509,0.098,0.127
2019,6.375,1.403,1.357,0.795,0.439,0.08,0.132
2020,6.406499863,1.079781246,0.874067068,0.6630514526,0.854191244,-0.168695062,0.682619512
2021,6.494,1.0743,0.891,0.6660299999999999,0.877,-0.149,0.684
