Year,Score,Economy,Family,Health,Freedom,Generosity,Trust
2015,5.848,1.18498,1.27385,0.87337,0.60855,0.25328,0.03787
2016,5.768,1.29947,1.05613,0.79151,0.53164,0.25738,0.03635
2017,5.75799989700317,1.3412059545517,1.45251882076263,0.790828227996826,0.572575807571411,0.242649093270302,0.0451289787888527
2018,5.948,1.219,1.506,0.856,0.633,0.16,0.051
2019,6.118,1.258,1.523,0.953,0.564,0.144,0.057
2020,6.363399982,1.039232254,0.939575672,0.711029892,0.936142623,-0.080603383,0.817071021
2021,6.461,1.0529,0.948,0.7140000000000001,0.949,-0.101,0.806
