Year,Score,Economy,Family,Health,Freedom,Generosity,Trust
2015,4.642,0.92049,1.18468,0.27688,0.33207,0.11973,0.08884
2016,4.459,1.02416,0.96053,0.18611,0.42483,0.13656,0.08415
2017,4.8289999961853,1.05469870567322,1.38478863239288,0.187080070376396,0.479246735572815,0.139362379908562,0.0725094974040985
2018,4.724,0.94,1.41,0.33,0.516,0.103,0.056
2019,4.722,0.96,1.351,0.469,0.389,0.13,0.055
2020,4.814099789,0.9403370857000001,0.852532268,0.5650601196,0.759330094,-0.109777324,0.843423843
2021,4.956,0.9403,0.86,0.56904,0.749,-0.067,0.86
