Year,Score,Economy,Family,Health,Freedom,Generosity,Trust
2015,2.839,0.20868,0.13995,0.28443,0.36453,0.16681,0.10731
2016,3.303,0.28123,0.0,0.24811,0.34678,0.17517,0.11587
2017,3.49499988555908,0.305444717407227,0.431882530450821,0.247105568647385,0.38042613863945,0.196896150708199,0.0956650152802467
2018,3.999,0.259,0.474,0.253,0.434,0.158,0.101
2019,4.085,0.275,0.572,0.41,0.293,0.177,0.085
2020,4.187200069,0.7357711315000001,0.551312625,0.5471989822,0.649828613,0.002667875,0.757733464
2021,4.107,0.7362,0.569,0.54914,0.619,0.032,0.772
