Year,Score,Economy,Family,Health,Freedom,Generosity,Trust
2015,5.332,1.06098,0.94632,0.73172,0.22815,0.12253,0.15746
2016,5.389,1.16492,0.87717,0.64718,0.23889,0.04707,0.12348
2017,5.5,1.19827437400818,1.33775317668915,0.637605607509613,0.300740599632263,0.0466930419206619,0.0996715798974037
2018,5.483,1.148,1.38,0.686,0.324,0.106,0.109
2019,5.373,1.183,1.36,0.808,0.195,0.083,0.106
2020,5.131800175,1.012941933,0.826313555,0.6690281677000001,0.608830452,-0.171046436,0.748197377
2021,4.948,1.024,0.822,0.67199,0.576,-0.139,0.776
