Year,Score,Economy,Family,Health,Freedom,Generosity,Trust
2015,6.901,1.42727,1.12575,0.80925,0.64157,0.26428,0.38583
2016,6.573,1.57352,0.87114,0.72993,0.56215,0.26591,0.35561
2017,6.64799976348877,1.62634336948395,1.26641023159027,0.726798236370087,0.60834527015686,0.3609419465065,0.324489563703537
2018,6.774,2.096,0.776,0.67,0.284,0.186,
2019,6.825,1.503,1.31,0.825,0.598,0.262,0.182
2020,6.790800095,1.1109998700000001,0.849181116,0.6708278656000001,0.941345513,0.123450845,0.594502211
2021,6.561,1.1085,0.844,0.67333,0.932,0.074,0.589
