Year,Score,Economy,Family,Health,Freedom,Generosity,Trust
2015,6.003,0.63244,1.34043,0.59772,0.65821,0.22837,0.30826
2016,5.987,0.73591,1.1681,0.50163,0.60848,0.34326,0.28333
2017,5.97100019454956,0.786441087722778,1.54896914958954,0.498272627592087,0.658248662948608,0.415983647108078,0.246528223156929
2018,6.096,0.719,1.584,0.605,0.724,0.328,0.259
2019,6.174,0.745,1.529,0.756,0.631,0.322,0.24
2020,6.257599831,0.8740371704,0.926595807,0.6510757446,0.974998116,0.248427153,0.501497388
2021,6.179,0.8836,0.918,0.65255,0.97,0.311,0.515
