Year,Score,Economy,Family,Health,Freedom,Generosity,Trust
2015,6.81,1.04424,1.25596,0.72052,0.42908,0.05841,0.11069
2016,6.084,1.13367,1.03302,0.61904,0.19847,0.0425,0.08304
2017,5.25,1.12843120098114,1.43133759498596,0.617144227027893,0.153997123241425,0.0650196298956871,0.0644911229610443
2018,4.806,0.996,1.469,0.657,0.133,0.056,0.052
2019,4.707,0.96,1.427,0.805,0.154,0.064,0.047
2020,5.053199768,0.8977793694,0.890408158,0.6650534057999999,0.62327832,-0.169090509,0.837038398
2021,4.892,0.9073,0.861,0.667,0.615,-0.169,0.827
