Year,Score,Economy,Family,Health,Freedom,Generosity,Trust
2015,4.077,0.54649,0.68093,0.40064,0.35571,0.09131,0.07854
2016,3.724,0.57939,0.47493,0.31048,0.2287,0.09821,0.05892
2017,3.59299993515015,0.591683447360992,0.93538224697113,0.310080915689468,0.249463722109795,0.104125209152699,0.0567674227058887
2018,3.355,0.442,1.073,0.343,0.244,0.083,0.064
2019,3.38,0.287,1.163,0.463,0.143,0.108,0.077
2020,3.527400017,0.7759682655,0.817980587,0.5672728348,0.599920273,-0.157735437,0.800287724
2021,3.658,0.7578,0.832,0.57122,0.602,-0.147,0.8
