Year,Score,Economy,Family,Health,Freedom,Generosity,Trust
2015,5.129,0.47038,0.91612,0.29924,0.48827,0.19591,0.12468
2016,4.795,0.61202,0.6376,0.23573,0.42662,0.17866,0.11479
2017,4.51399993896484,0.636406779289246,1.00318729877472,0.257835894823074,0.461603492498398,0.249580144882202,0.0782135501503944
2018,4.377,0.562,1.047,0.295,0.503,0.221,0.082
2019,4.107,0.578,1.058,0.426,0.431,0.247,0.087
2020,3.759399891,0.8224720001,0.698824465,0.5529937744,0.806500256,0.078037128,0.801289678
2021,4.073,0.8145,0.708,0.55809,0.782,0.061,0.823
